{
  "Pharr": {
     "Percent Ag":0.454893062
    ,"Live animals/fish":0.000921871
    ,"Cereal grains":0.00231838
    ,"Other ag prods.":0.403604875
    ,"Animal feed":8.14003E-06
    ,"Meat/seafood":0.009493474
    ,"Milled grain prods.":0.006243471
    ,"Other foodstuffs":0.032302851
    ,"Alcoholic beverages":0.000964781
    ,"Tobacco prods.":1.57651E-05
    ,"Building stone":0
    ,"Natural sands":0
    ,"Gravel":0
    ,"Nonmetallic minerals":0.002967726
    ,"Metallic ores":0
    ,"Coal":0
    ,"Crude petroleum":0
    ,"Gasoline":0
    ,"Fuel oils":0
    ,"Coal-n.e.c.":0.187046925
    ,"Basic chemicals":0.00067954
    ,"Pharmaceuticals":0.000119172
    ,"Fertilizers":0.00025772
    ,"Chemical prods.":0.011733113
    ,"Plastics/rubber":0.034960919
    ,"Logs":0
    ,"Wood prods.":0.002933898
    ,"Newsprint/paper":0.00584658
    ,"Paper articles":0.022327146
    ,"Printed prods.":0.001054232
    ,"Textiles/leather":0.010946432
    ,"Nonmetal min. prods.":0.010324521
    ,"Base metals":0.034452854
    ,"Articles-base metal":0.01473991
    ,"Machinery":0.076212167
    ,"Electronics":0.057356499
    ,"Motorized vehicles":0.026778831
    ,"Transport equip.":0.0009964
    ,"Precision instruments":0
    ,"Furniture":0.020340275
    ,"Misc. mfg. prods.":0.010621641
    ,"Waste/scrap":0.002550824
    ,"Mixed freight":0.008879069
    ,"Unknown":0
    },
  "Progresso": {
     "Percent Ag":0.923320275
    ,"Live animals/fish":0
    ,"Cereal grains":0.492420625
    ,"Other ag prods.":0.409695915
    ,"Animal feed":0
    ,"Meat/seafood":5.15038E-05
    ,"Milled grain prods.":0.008068329
    ,"Other foodstuffs":0.013083902
    ,"Alcoholic beverages":0.000165247
    ,"Tobacco prods.":3.65247E-06
    ,"Building stone":0
    ,"Natural sands":0
    ,"Gravel":0
    ,"Nonmetallic minerals":0.062387836
    ,"Metallic ores":0
    ,"Coal":0
    ,"Crude petroleum":0
    ,"Gasoline":0
    ,"Fuel oils":0
    ,"Coal-n.e.c.":0
    ,"Basic chemicals":1.98579E-06
    ,"Pharmaceuticals":0
    ,"Fertilizers":0.001021188
    ,"Chemical prods.":1.12474E-07
    ,"Plastics/rubber":8.70438E-05
    ,"Logs":0
    ,"Wood prods.":4.24752E-07
    ,"Newsprint/paper":0
    ,"Paper articles":5.03222E-05
    ,"Printed prods.":0
    ,"Textiles/leather":0.001388708
    ,"Nonmetal min. prods.":0.000255698
    ,"Base metals":3.29769E-05
    ,"Articles-base metal":1.14912E-05
    ,"Machinery":0.000331014
    ,"Electronics":0.000159519
    ,"Motorized vehicles":0.000310986
    ,"Transport equip.":0
    ,"Precision instruments":0
    ,"Furniture":0.010411913
    ,"Misc. mfg. prods.":8.60928E-06
    ,"Waste/scrap":0
    ,"Mixed freight":5.09983E-05
    ,"Unknown":0
    },
  "Laredo": {
     "Percent Ag":0.108048583
    ,"Live animals/fish":0.000894171
    ,"Cereal grains":0.000772418
    ,"Other ag prods.":0.044911145
    ,"Animal feed":3.93438E-05
    ,"Meat/seafood":0.016907327
    ,"Milled grain prods.":0.012264236
    ,"Other foodstuffs":0.032259943
    ,"Alcoholic beverages":0.024602982
    ,"Tobacco prods.":0.000220308
    ,"Building stone":0
    ,"Natural sands":0
    ,"Gravel":0
    ,"Nonmetallic minerals":0.215792195
    ,"Metallic ores":0
    ,"Coal":0
    ,"Crude petroleum":0
    ,"Gasoline":0
    ,"Fuel oils":0
    ,"Coal-n.e.c.":0.032861969
    ,"Basic chemicals":0.023751085
    ,"Pharmaceuticals":0.00432435
    ,"Fertilizers":0.000595693
    ,"Chemical prods.":0.065197959
    ,"Plastics/rubber":0.07076254
    ,"Logs":0
    ,"Wood prods.":0.00503539
    ,"Newsprint/paper":0.008536611
    ,"Paper articles":0.019234884
    ,"Printed prods.":0.000601653
    ,"Textiles/leather":0.01116189
    ,"Nonmetal min. prods.":0.035162515
    ,"Base metals":0.062014945
    ,"Articles-base metal":0.04712576
    ,"Machinery":0.046961764
    ,"Electronics":0.086712832
    ,"Motorized vehicles":0.100140432
    ,"Transport equip.":0.004159221
    ,"Precision instruments":0
    ,"Furniture":0.014426434
    ,"Misc. mfg. prods.":0.008046339
    ,"Waste/scrap":8.44398E-05
    ,"Mixed freight":0.004437227
    ,"Unknown":0
    },
  "El Paso": {
     "Percent Ag":0.082569567
    ,"Live animals/fish":0.000239418
    ,"Cereal grains":0.002151351
    ,"Other ag prods.":0.03883326
    ,"Animal feed":3.70462E-07
    ,"Meat/seafood":0.007774646
    ,"Milled grain prods.":0.002075312
    ,"Other foodstuffs":0.031495209
    ,"Alcoholic beverages":0.00211263
    ,"Tobacco prods.":1.13567E-06
    ,"Building stone":0
    ,"Natural sands":0
    ,"Gravel":0
    ,"Nonmetallic minerals":0.022038855
    ,"Metallic ores":0
    ,"Coal":0
    ,"Crude petroleum":0
    ,"Gasoline":0
    ,"Fuel oils":0
    ,"Coal-n.e.c.":0.088648848
    ,"Basic chemicals":0.004227925
    ,"Pharmaceuticals":0.00114018
    ,"Fertilizers":0.000256229
    ,"Chemical prods.":0.02398215
    ,"Plastics/rubber":0.10761559
    ,"Logs":0
    ,"Wood prods.":0.042074891
    ,"Newsprint/paper":0.007260298
    ,"Paper articles":0.042540992
    ,"Printed prods.":0.004634994
    ,"Textiles/leather":0.029268456
    ,"Nonmetal min. prods.":0.018939294
    ,"Base metals":0.111166055
    ,"Articles-base metal":0.034770606
    ,"Machinery":0.151048163
    ,"Electronics":0.120077414
    ,"Motorized vehicles":0.05010069
    ,"Transport equip.":0.000826291
    ,"Precision instruments":0
    ,"Furniture":0.026814912
    ,"Misc. mfg. prods.":0.01937595
    ,"Waste/scrap":7.85069E-05
    ,"Mixed freight":0.008429379
    ,"Unknown":0
    },
  "Santa Theresa": {
     "Percent Ag":0.138019162
    ,"Live animals/fish":0.010978082
    ,"Cereal grains":0.022189766
    ,"Other ag prods.":0.046409092
    ,"Animal feed":0
    ,"Meat/seafood":0
    ,"Milled grain prods.":1.06277E-05
    ,"Other foodstuffs":0.058431595
    ,"Alcoholic beverages":0.000141996
    ,"Tobacco prods.":0
    ,"Building stone":0
    ,"Natural sands":0
    ,"Gravel":0
    ,"Nonmetallic minerals":0.081431292
    ,"Metallic ores":0
    ,"Coal":0
    ,"Crude petroleum":0
    ,"Gasoline":0
    ,"Fuel oils":0
    ,"Coal-n.e.c.":8.22064E-05
    ,"Basic chemicals":3.41284E-05
    ,"Pharmaceuticals":0.000526989
    ,"Fertilizers":0.000883645
    ,"Chemical prods.":0.029574562
    ,"Plastics/rubber":0.055679312
    ,"Logs":0
    ,"Wood prods.":0.039921009
    ,"Newsprint/paper":0.000187963
    ,"Paper articles":0.02025101
    ,"Printed prods.":0.00231282
    ,"Textiles/leather":0.001884121
    ,"Nonmetal min. prods.":0.098332093
    ,"Base metals":0.152864126
    ,"Articles-base metal":0.048851853
    ,"Machinery":0.077199578
    ,"Electronics":0.221979668
    ,"Motorized vehicles":0.021815117
    ,"Transport equip.":1.54787E-05
    ,"Precision instruments":0
    ,"Furniture":0.001628368
    ,"Misc. mfg. prods.":0.002515377
    ,"Waste/scrap":1.76657E-06
    ,"Mixed freight":0.003866358
    ,"Unknown":0
    },
  "Columbus": {
     "Percent Ag":0.934199126
    ,"Live animals/fish":0.000804997
    ,"Cereal grains":0.019361873
    ,"Other ag prods.":0.899821972
    ,"Animal feed":0
    ,"Meat/seafood":0
    ,"Milled grain prods.":0.000936132
    ,"Other foodstuffs":0.013274151
    ,"Alcoholic beverages":0
    ,"Tobacco prods.":0
    ,"Building stone":0
    ,"Natural sands":0
    ,"Gravel":0
    ,"Nonmetallic minerals":0.046744777
    ,"Metallic ores":0
    ,"Coal":0
    ,"Crude petroleum":0
    ,"Gasoline":0
    ,"Fuel oils":0
    ,"Coal-n.e.c.":0.000156598
    ,"Basic chemicals":1.92928E-05
    ,"Pharmaceuticals":0
    ,"Fertilizers":0.000745094
    ,"Chemical prods.":3.8167E-06
    ,"Plastics/rubber":0.00028903
    ,"Logs":0
    ,"Wood prods.":0.001361428
    ,"Newsprint/paper":0
    ,"Paper articles":0.002063013
    ,"Printed prods.":0
    ,"Textiles/leather":0.005825392
    ,"Nonmetal min. prods.":0.000457805
    ,"Base metals":0.000997953
    ,"Articles-base metal":0.000139923
    ,"Machinery":0.000577885
    ,"Electronics":0.003404139
    ,"Motorized vehicles":0.002053527
    ,"Transport equip.":4.3621E-06
    ,"Precision instruments":0
    ,"Furniture":0.000792185
    ,"Misc. mfg. prods.":0.000123893
    ,